<?xml version="1.0" encoding="UTF-8" standalone="yes"?>
<addon id="repository.palindromeRepo" name="palindromeRepo" version="1.0.0" provider-name="palindromeRepo">
	<extension point="xbmc.addon.repository" name="palindromeRepo">
		<info compressed="false">http://cha1m.com/dark/palindromeRepo/zips/addons.xml</info>
		<checksum>http://cha1m.com/dark/palindromeRepo/zips/addons.xml.md5</checksum>
		<datadir zip="true">http://cha1m.com/dark/palindromeRepo/zips/</datadir>
	</extension>
	<extension point="xbmc.addon.metadata">
		<summary>palindromeRepo</summary>
		<description>palindromeRepo</description>
		<platform>all</platform>
	</extension>
</addon>

